-- This file contains the inserts/updates for the small city election ddl

INSERT INTO ELECTION VALUES(1,TO_DATE('04132023','mmddyyyy'));
INSERT INTO ELECTION VALUES(2,TO_DATE('04142022','mmddyyyy'));
INSERT INTO ELECTION VALUES(3,TO_DATE('04082021','mmddyyyy'));

INSERT INTO POLLING_LOCATION VALUES(11,'Newberry Commons','123 Newberry Street','Lock Village','TA',89455,40);
INSERT INTO POLLING_LOCATION VALUES(12,'Frankenburg High','5067 Main Street','Ark Cove','TA',89658,200);
INSERT INTO POLLING_LOCATION VALUES(13,'Town Hall','1 Broad Street','Azalea Village','TA',78945,250);
INSERT INTO POLLING_LOCATION VALUES(14,'Lukewarm Lake House','17 Launch Drive','Mosquitto Mark','TA',11203,120);

INSERT INTO VOTER VALUES('112233455','Jane','M','Doe',TO_DATE('09072000','mmddyyyy'),'123 Minglewood Road','Tarkville','TA',89455,11);
INSERT INTO VOTER VALUES('987654321','Harry','J','Potter',TO_DATE('07311980','mmddyyyy'),'4 Privet Drive','Surrey','TA',89658,12);
INSERT INTO VOTER VALUES('000000001','Katniss','K','Everdeen',TO_DATE('04111999','mmddyyyy'),'14 Dirt Avenue','District 12','TA',78945,13);
INSERT INTO VOTER VALUES('404040404','Peeta','P','Mellark',TO_DATE('07231999','mmddyyyy'),'16 Dirt Avenue','District 12', 'TA',89658,13);
INSERT INTO VOTER VALUES('666677777','Ronald','B','Weasley',TO_DATE('01031980','mmddyyyy'),'1 Winding Way','Nowhere','TA',89455,12);
INSERT INTO VOTER VALUES('000111000','Hermoine','G','Granger',TO_DATE('04201980','mmddyyyy'),'46 Canterbury Ave','London','TA',78945,12);
INSERT INTO VOTER VALUES('024686420','Billy','B','Bob',TO_DATE('08272001','mmddyyyy'),'1234 Road Street','Red Bank','TA',11203,14);
INSERT INTO VOTER VALUES('123454321','Cotton','E','Joe',TO_DATE('01011997','mmddyyyy'),'Mango Place','Mango Falls','TA',11203,11);

INSERT INTO VOTER VALUES('315485998','Trevar','H','McEvon',TO_DATE('03/17/1936','mm/dd/yyyy'),'Maple Drive','San Jose','TA',11203,14);
INSERT INTO VOTER VALUES('137459975','Enrico','L','Covely',TO_DATE('5/20/1934','mm/dd/yyyy'),'Maple Drive','Dallas','TA',89658,12);
INSERT INTO VOTER VALUES('791399884','Letty','I','Beardon',TO_DATE('5/14/1970','mm/dd/yyyy'),'Elm Street','New York','TA',78945,13);
INSERT INTO VOTER VALUES('302034739','Alvan','P','Tower',TO_DATE('9/13/1973','mm/dd/yyyy'),'Main Street','Columbus','TA',89455,11);
INSERT INTO VOTER VALUES('244703479','Lemuel','W','Candy',TO_DATE('7/29/1943','mm/dd/yyyy'),'Main Street','Denver','TA',78945,12);
INSERT INTO VOTER VALUES('411491214','Flory','W','Sparshutt',TO_DATE('11/22/1938','mm/dd/yyyy'),'Cedar Lane','Seattle','TA',89658,13);
INSERT INTO VOTER VALUES('689231940','Reagan','E','Uttley',TO_DATE('7/17/1990','mm/dd/yyyy'),'Oak Avenue','Indianapolis','TA',78945,12);
INSERT INTO VOTER VALUES('853650285','Charlene','I','Starkey',TO_DATE('12/14/1969','mm/dd/yyyy'),'Main Street','Fort Worth','TA',89455,11);
INSERT INTO VOTER VALUES('472741200','Chester','H','Peckett',TO_DATE('6/30/1986','mm/dd/yyyy'),'Cedar Lane','San Diego','TA',89658,13);
INSERT INTO VOTER VALUES('217660432','Charis','T','Simenel',TO_DATE('4/20/1988','mm/dd/yyyy'),'Main Street','San Diego','TA',89658,13);
INSERT INTO VOTER VALUES('580735017','Hayley','U','Hadeke',TO_DATE('9/22/1957','mm/dd/yyyy'),'Oak Avenue','Denver','TA',78945,13);
INSERT INTO VOTER VALUES('355345698','Celestyn','L','Twist',TO_DATE('3/23/1961','mm/dd/yyyy'),'Main Street','San Francisco','TA',89455,11);
INSERT INTO VOTER VALUES('888188570','Cinderella','L','Mallan',TO_DATE('6/4/1953','mm/dd/yyyy'),'Oak Avenue','Charlotte','TA',89455,14);
INSERT INTO VOTER VALUES('588398473','Shaylah','S','Claque',TO_DATE('7/14/1953','mm/dd/yyyy'),'Maple Drive','Indianapolis','TA',11203,11);
INSERT INTO VOTER VALUES('303623075','Ilaire','U','Shreenan',TO_DATE('11/3/1988','mm/dd/yyyy'),'Cedar Lane','Indianapolis','TA',78945,13);
INSERT INTO VOTER VALUES('542353643','Junie','O','Gaule',TO_DATE('7/26/1936','mm/dd/yyyy'),'Main Street','Jacksonville','TA',11203,12);
INSERT INTO VOTER VALUES('662514504','Finley','J','Giacometti',TO_DATE('11/2/1952','mm/dd/yyyy'),'Main Street','New York','TA',11203,11);
INSERT INTO VOTER VALUES('917815847','Steffane','G','Maciak',TO_DATE('5/14/1955','mm/dd/yyyy'),'Main Street','Los Angeles','TA',11203,14);

INSERT INTO OFFICE VALUES(90,'City Manager');
INSERT INTO OFFICE VALUES(91,'City Attorney');
INSERT INTO OFFICE VALUES(92,'Finance Director');
INSERT INTO OFFICE VALUES(93,'Police Chief');
INSERT INTO OFFICE VALUES(94,'Fire Chief');
INSERT INTO OFFICE VALUES(95,'Public Works Director');
INSERT INTO OFFICE VALUES(96,'Parks and Rec Director');
INSERT INTO OFFICE VALUES(97,'Mayor');
INSERT INTO OFFICE VALUES(98,'County Commissioner');

INSERT INTO PREVIOUSLY_ELECTED VALUES(2,2,'112233455',90,'Y');
INSERT INTO PREVIOUSLY_ELECTED VALUES(2,1,'137459975',91,'Y');
INSERT INTO PREVIOUSLY_ELECTED VALUES(2,2,'000000001',92,'Y');
INSERT INTO PREVIOUSLY_ELECTED VALUES(2,2,'404040404',93,'Y');
INSERT INTO PREVIOUSLY_ELECTED VALUES(2,2,'666677777',94,'Y');
INSERT INTO PREVIOUSLY_ELECTED VALUES(2,1,'791399884',95,'Y');
INSERT INTO PREVIOUSLY_ELECTED VALUES(2,1,'302034739',96,'Y');
INSERT INTO PREVIOUSLY_ELECTED VALUES(2,1,'244703479',97,'Y');
INSERT INTO PREVIOUSLY_ELECTED VALUES(2,1,'411491214',98,'Y');
INSERT INTO PREVIOUSLY_ELECTED VALUES(1,1,'112233455',90,'N');
INSERT INTO PREVIOUSLY_ELECTED VALUES(1,1,'987654321',91,'N');
INSERT INTO PREVIOUSLY_ELECTED VALUES(1,1,'000000001',92,'N');
INSERT INTO PREVIOUSLY_ELECTED VALUES(1,1,'404040404',93,'N');
INSERT INTO PREVIOUSLY_ELECTED VALUES(1,1,'666677777',94,'N');
INSERT INTO PREVIOUSLY_ELECTED VALUES(1,1,'000111000',95,'N');
INSERT INTO PREVIOUSLY_ELECTED VALUES(1,1,'024686420',96,'N');
INSERT INTO PREVIOUSLY_ELECTED VALUES(1,1,'123454321',97,'N');
INSERT INTO PREVIOUSLY_ELECTED VALUES(1,1,'315485998',98,'N');

INSERT INTO POLL_WORKERS VALUES('580735017',11,1);
INSERT INTO POLL_WORKERS VALUES('355345698',12,1);
INSERT INTO POLL_WORKERS VALUES('888188570',13,1);
INSERT INTO POLL_WORKERS VALUES('588398473',14,1);
INSERT INTO POLL_WORKERS VALUES('303623075',11,1);
INSERT INTO POLL_WORKERS VALUES('542353643',12,1);
INSERT INTO POLL_WORKERS VALUES('662514504',13,1);
INSERT INTO POLL_WORKERS VALUES('917815847',14,1);
INSERT INTO POLL_WORKERS VALUES('580735017',14,2);
INSERT INTO POLL_WORKERS VALUES('355345698',14,2);
INSERT INTO POLL_WORKERS VALUES('888188570',13,2);
INSERT INTO POLL_WORKERS VALUES('588398473',13,2);
INSERT INTO POLL_WORKERS VALUES('303623075',12,2);
INSERT INTO POLL_WORKERS VALUES('542353643',12,2);
INSERT INTO POLL_WORKERS VALUES('662514504',11,2);
INSERT INTO POLL_WORKERS VALUES('917815847',11,2);

INSERT INTO CANDIDATES VALUES(1,3,'580735017',90);
INSERT INTO CANDIDATES VALUES(2,3,'303623075',90);
INSERT INTO CANDIDATES VALUES(3,3,'137459975',91);
INSERT INTO CANDIDATES VALUES(4,3,'112233455',91);
INSERT INTO CANDIDATES VALUES(5,3,'917815847',92);
INSERT INTO CANDIDATES VALUES(6,3,'123454321',92);
INSERT INTO CANDIDATES VALUES(7,3,'404040404',93);
INSERT INTO CANDIDATES VALUES(8,3,'853650285',93);
INSERT INTO CANDIDATES VALUES(9,3,'666677777',94);
INSERT INTO CANDIDATES VALUES(10,3,'000000001',94);
INSERT INTO CANDIDATES VALUES(11,3,'791399884',95);
INSERT INTO CANDIDATES VALUES(12,3,'000111000',95);
INSERT INTO CANDIDATES VALUES(13,3,'315485998',96);
INSERT INTO CANDIDATES VALUES(14,3,'588398473',96);
INSERT INTO CANDIDATES VALUES(15,3,'987654321',97);
INSERT INTO CANDIDATES VALUES(16,3,'302034739',97);
INSERT INTO CANDIDATES VALUES(17,3,'024686420',98);
INSERT INTO CANDIDATES VALUES(18,3,'244703479',98);

INSERT INTO VOTES VALUES(1,12,3,1);
INSERT INTO VOTES VALUES(2,11,3,2);
INSERT INTO VOTES VALUES(2,12,3,3);
INSERT INTO VOTES VALUES(1,13,3,4);
INSERT INTO VOTES VALUES(2,14,3,5);
INSERT INTO VOTES VALUES(2,11,3,6);
INSERT INTO VOTES VALUES(2,14,3,7);
INSERT INTO VOTES VALUES(1,13,3,8);
INSERT INTO VOTES VALUES(2,14,3,9);
INSERT INTO VOTES VALUES(1,11,3,10);
INSERT INTO VOTES VALUES(2,14,3,11);
INSERT INTO VOTES VALUES(2,13,3,12);
INSERT INTO VOTES VALUES(2,12,3,13);
INSERT INTO VOTES VALUES(2,11,3,14);
INSERT INTO VOTES VALUES(2,13,3,15);
INSERT INTO VOTES VALUES(1,11,3,16);
INSERT INTO VOTES VALUES(1,12,3,17);
INSERT INTO VOTES VALUES(2,13,3,18);
INSERT INTO VOTES VALUES(2,13,3,19);
INSERT INTO VOTES VALUES(2,13,3,20);
INSERT INTO VOTES VALUES(2,11,3,21);
INSERT INTO VOTES VALUES(1,12,3,22);
INSERT INTO VOTES VALUES(2,14,3,23);
INSERT INTO VOTES VALUES(1,14,3,24);
INSERT INTO VOTES VALUES(2,13,3,25);
INSERT INTO VOTES VALUES(1,14,3,26);
INSERT INTO VOTES VALUES(3,13,3,27);
INSERT INTO VOTES VALUES(3,12,3,28);
INSERT INTO VOTES VALUES(4,14,3,29);
INSERT INTO VOTES VALUES(3,14,3,30);
INSERT INTO VOTES VALUES(4,13,3,31);
INSERT INTO VOTES VALUES(4,12,3,32);
INSERT INTO VOTES VALUES(4,14,3,33);
INSERT INTO VOTES VALUES(3,12,3,34);
INSERT INTO VOTES VALUES(3,14,3,35);
INSERT INTO VOTES VALUES(4,14,3,36);
INSERT INTO VOTES VALUES(4,11,3,37);
INSERT INTO VOTES VALUES(3,11,3,38);
INSERT INTO VOTES VALUES(4,11,3,39);
INSERT INTO VOTES VALUES(3,11,3,40);
INSERT INTO VOTES VALUES(4,12,3,41);
INSERT INTO VOTES VALUES(4,11,3,42);
INSERT INTO VOTES VALUES(4,11,3,43);
INSERT INTO VOTES VALUES(4,13,3,44);
INSERT INTO VOTES VALUES(4,13,3,45);
INSERT INTO VOTES VALUES(4,14,3,46);
INSERT INTO VOTES VALUES(3,14,3,47);
INSERT INTO VOTES VALUES(3,12,3,48);
INSERT INTO VOTES VALUES(3,14,3,49);
INSERT INTO VOTES VALUES(4,13,3,50);
INSERT INTO VOTES VALUES(4,12,3,51);
INSERT INTO VOTES VALUES(3,14,3,52);
INSERT INTO VOTES VALUES(5,13,3,53);
INSERT INTO VOTES VALUES(6,14,3,54);
INSERT INTO VOTES VALUES(6,14,3,55);
INSERT INTO VOTES VALUES(5,11,3,56);
INSERT INTO VOTES VALUES(6,11,3,57);
INSERT INTO VOTES VALUES(6,14,3,58);
INSERT INTO VOTES VALUES(6,11,3,59);
INSERT INTO VOTES VALUES(5,12,3,60);
INSERT INTO VOTES VALUES(6,13,3,61);
INSERT INTO VOTES VALUES(5,11,3,62);
INSERT INTO VOTES VALUES(6,11,3,63);
INSERT INTO VOTES VALUES(6,11,3,64);
INSERT INTO VOTES VALUES(6,13,3,65);
INSERT INTO VOTES VALUES(5,12,3,66);
INSERT INTO VOTES VALUES(5,11,3,67);
INSERT INTO VOTES VALUES(6,11,3,68);
INSERT INTO VOTES VALUES(6,11,3,69);
INSERT INTO VOTES VALUES(5,14,3,70);
INSERT INTO VOTES VALUES(6,12,3,71);
INSERT INTO VOTES VALUES(6,11,3,72);
INSERT INTO VOTES VALUES(5,13,3,73);
INSERT INTO VOTES VALUES(5,14,3,74);
INSERT INTO VOTES VALUES(5,12,3,75);
INSERT INTO VOTES VALUES(5,13,3,76);
INSERT INTO VOTES VALUES(5,12,3,77);
INSERT INTO VOTES VALUES(6,11,3,78);
INSERT INTO VOTES VALUES(8,13,3,79);
INSERT INTO VOTES VALUES(8,14,3,80);
INSERT INTO VOTES VALUES(8,14,3,81);
INSERT INTO VOTES VALUES(7,13,3,82);
INSERT INTO VOTES VALUES(8,14,3,83);
INSERT INTO VOTES VALUES(8,12,3,84);
INSERT INTO VOTES VALUES(7,12,3,85);
INSERT INTO VOTES VALUES(7,11,3,86);
INSERT INTO VOTES VALUES(8,13,3,87);
INSERT INTO VOTES VALUES(7,11,3,88);
INSERT INTO VOTES VALUES(8,11,3,89);
INSERT INTO VOTES VALUES(7,11,3,90);
INSERT INTO VOTES VALUES(8,13,3,91);
INSERT INTO VOTES VALUES(8,11,3,92);
INSERT INTO VOTES VALUES(7,14,3,93);
INSERT INTO VOTES VALUES(8,11,3,94);
INSERT INTO VOTES VALUES(7,14,3,95);
INSERT INTO VOTES VALUES(8,11,3,96);
INSERT INTO VOTES VALUES(7,12,3,97);
INSERT INTO VOTES VALUES(8,14,3,98);
INSERT INTO VOTES VALUES(8,12,3,99);
INSERT INTO VOTES VALUES(7,12,3,100);
INSERT INTO VOTES VALUES(7,13,3,101);
INSERT INTO VOTES VALUES(8,11,3,102);
INSERT INTO VOTES VALUES(7,12,3,103);
INSERT INTO VOTES VALUES(8,12,3,104);
INSERT INTO VOTES VALUES(10,11,3,105);
INSERT INTO VOTES VALUES(9,11,3,106);
INSERT INTO VOTES VALUES(10,12,3,107);
INSERT INTO VOTES VALUES(10,12,3,108);
INSERT INTO VOTES VALUES(10,14,3,109);
INSERT INTO VOTES VALUES(9,11,3,110);
INSERT INTO VOTES VALUES(10,11,3,111);
INSERT INTO VOTES VALUES(9,12,3,112);
INSERT INTO VOTES VALUES(9,11,3,113);
INSERT INTO VOTES VALUES(10,14,3,114);
INSERT INTO VOTES VALUES(9,14,3,115);
INSERT INTO VOTES VALUES(10,11,3,116);
INSERT INTO VOTES VALUES(10,11,3,117);
INSERT INTO VOTES VALUES(9,14,3,118);
INSERT INTO VOTES VALUES(9,12,3,119);
INSERT INTO VOTES VALUES(9,11,3,120);
INSERT INTO VOTES VALUES(10,13,3,121);
INSERT INTO VOTES VALUES(9,12,3,122);
INSERT INTO VOTES VALUES(10,13,3,123);
INSERT INTO VOTES VALUES(9,12,3,124);
INSERT INTO VOTES VALUES(9,11,3,125);
INSERT INTO VOTES VALUES(10,14,3,126);
INSERT INTO VOTES VALUES(10,13,3,127);
INSERT INTO VOTES VALUES(10,11,3,128);
INSERT INTO VOTES VALUES(9,12,3,129);
INSERT INTO VOTES VALUES(9,11,3,130);
INSERT INTO VOTES VALUES(12,13,3,131);
INSERT INTO VOTES VALUES(12,11,3,132);
INSERT INTO VOTES VALUES(11,13,3,133);
INSERT INTO VOTES VALUES(11,13,3,134);
INSERT INTO VOTES VALUES(11,13,3,135);
INSERT INTO VOTES VALUES(12,12,3,136);
INSERT INTO VOTES VALUES(11,11,3,137);
INSERT INTO VOTES VALUES(11,14,3,138);
INSERT INTO VOTES VALUES(11,11,3,139);
INSERT INTO VOTES VALUES(12,11,3,140);
INSERT INTO VOTES VALUES(11,14,3,141);
INSERT INTO VOTES VALUES(11,11,3,142);
INSERT INTO VOTES VALUES(12,14,3,143);
INSERT INTO VOTES VALUES(12,11,3,144);
INSERT INTO VOTES VALUES(11,12,3,145);
INSERT INTO VOTES VALUES(11,11,3,146);
INSERT INTO VOTES VALUES(12,12,3,147);
INSERT INTO VOTES VALUES(12,12,3,148);
INSERT INTO VOTES VALUES(11,14,3,149);
INSERT INTO VOTES VALUES(11,11,3,150);
INSERT INTO VOTES VALUES(12,11,3,151);
INSERT INTO VOTES VALUES(12,12,3,152);
INSERT INTO VOTES VALUES(12,11,3,153);
INSERT INTO VOTES VALUES(11,13,3,154);
INSERT INTO VOTES VALUES(11,11,3,155);
INSERT INTO VOTES VALUES(11,11,3,156);
INSERT INTO VOTES VALUES(13,13,3,157);
INSERT INTO VOTES VALUES(14,12,3,158);
INSERT INTO VOTES VALUES(13,13,3,159);
INSERT INTO VOTES VALUES(14,11,3,160);
INSERT INTO VOTES VALUES(14,14,3,161);
INSERT INTO VOTES VALUES(13,11,3,162);
INSERT INTO VOTES VALUES(13,12,3,163);
INSERT INTO VOTES VALUES(13,12,3,164);
INSERT INTO VOTES VALUES(13,14,3,165);
INSERT INTO VOTES VALUES(14,14,3,166);
INSERT INTO VOTES VALUES(13,13,3,167);
INSERT INTO VOTES VALUES(13,13,3,168);
INSERT INTO VOTES VALUES(14,11,3,169);
INSERT INTO VOTES VALUES(13,13,3,170);
INSERT INTO VOTES VALUES(14,13,3,171);
INSERT INTO VOTES VALUES(14,13,3,172);
INSERT INTO VOTES VALUES(13,12,3,173);
INSERT INTO VOTES VALUES(14,13,3,174);
INSERT INTO VOTES VALUES(13,14,3,175);
INSERT INTO VOTES VALUES(13,12,3,176);
INSERT INTO VOTES VALUES(14,14,3,177);
INSERT INTO VOTES VALUES(13,13,3,178);
INSERT INTO VOTES VALUES(14,12,3,179);
INSERT INTO VOTES VALUES(13,14,3,180);
INSERT INTO VOTES VALUES(13,11,3,181);
INSERT INTO VOTES VALUES(14,11,3,182);
INSERT INTO VOTES VALUES(16,11,3,183);
INSERT INTO VOTES VALUES(16,13,3,184);
INSERT INTO VOTES VALUES(16,13,3,185);
INSERT INTO VOTES VALUES(16,14,3,186);
INSERT INTO VOTES VALUES(16,11,3,187);
INSERT INTO VOTES VALUES(15,11,3,188);
INSERT INTO VOTES VALUES(15,11,3,189);
INSERT INTO VOTES VALUES(15,11,3,190);
INSERT INTO VOTES VALUES(16,14,3,191);
INSERT INTO VOTES VALUES(16,12,3,192);
INSERT INTO VOTES VALUES(16,12,3,193);
INSERT INTO VOTES VALUES(15,11,3,194);
INSERT INTO VOTES VALUES(16,14,3,195);
INSERT INTO VOTES VALUES(16,12,3,196);
INSERT INTO VOTES VALUES(15,13,3,197);
INSERT INTO VOTES VALUES(16,14,3,198);
INSERT INTO VOTES VALUES(15,14,3,199);
INSERT INTO VOTES VALUES(15,11,3,200);
INSERT INTO VOTES VALUES(16,11,3,201);
INSERT INTO VOTES VALUES(16,12,3,202);
INSERT INTO VOTES VALUES(15,14,3,203);
INSERT INTO VOTES VALUES(16,11,3,204);
INSERT INTO VOTES VALUES(15,13,3,205);
INSERT INTO VOTES VALUES(16,11,3,206);
INSERT INTO VOTES VALUES(15,14,3,207);
INSERT INTO VOTES VALUES(15,11,3,208);
INSERT INTO VOTES VALUES(18,13,3,209);
INSERT INTO VOTES VALUES(18,12,3,210);
INSERT INTO VOTES VALUES(18,12,3,211);
INSERT INTO VOTES VALUES(17,12,3,212);
INSERT INTO VOTES VALUES(17,11,3,213);
INSERT INTO VOTES VALUES(17,13,3,214);
INSERT INTO VOTES VALUES(17,14,3,215);
INSERT INTO VOTES VALUES(18,14,3,216);
INSERT INTO VOTES VALUES(17,14,3,217);
INSERT INTO VOTES VALUES(17,11,3,218);
INSERT INTO VOTES VALUES(18,13,3,219);
INSERT INTO VOTES VALUES(18,14,3,220);
INSERT INTO VOTES VALUES(18,13,3,221);
INSERT INTO VOTES VALUES(18,13,3,222);
INSERT INTO VOTES VALUES(18,12,3,223);
INSERT INTO VOTES VALUES(17,14,3,224);
INSERT INTO VOTES VALUES(17,13,3,225);
INSERT INTO VOTES VALUES(17,12,3,226);
INSERT INTO VOTES VALUES(17,13,3,227);
INSERT INTO VOTES VALUES(18,14,3,228);
INSERT INTO VOTES VALUES(17,14,3,229);
INSERT INTO VOTES VALUES(17,14,3,230);
INSERT INTO VOTES VALUES(18,11,3,231);
INSERT INTO VOTES VALUES(17,12,3,232);
INSERT INTO VOTES VALUES(18,12,3,233);
INSERT INTO VOTES VALUES(18,14,3,234);




